{
  "parent": "minecraft:item/handheld_rod",
  "textures": {
    "layer0": "minecraft:item/carrot_on_a_stick"
  },
  "overrides": [
    {"predicate": {"custom_model_data": 341001},"model": "minecraft:item/iron_sword"},
    {"predicate": {"custom_model_data": 341002},"model": "minecraft:item/golden_sword"},
    {"predicate": {"custom_model_data": 341003},"model": "minecraft:item/diamond_sword"},
    {"predicate": {"custom_model_data": 341004},"model": "minecraft:item/feather"},
    {"predicate": {"custom_model_data": 341005},"model": "minecraft:item/stick"},
    {"predicate": {"custom_model_data": 341006},"model": "minecraft:item/iron_shovel"},
    {"predicate": {"custom_model_data": 341007},"model": "minecraft:item/stone_shovel"},
    {"predicate": {"custom_model_data": 341008},"model": "minecraft:item/diamond_shovel"},
    {"predicate": {"custom_model_data": 341009},"model": "minecraft:item/wooden_sword"},
    {"predicate": {"custom_model_data": 341010},"model": "minecraft:item/stone_sword"},
    {"predicate": {"custom_model_data": 341011},"model": "minecraft:item/wooden_axe"},
    {"predicate": {"custom_model_data": 341012},"model": "minecraft:item/diamond_axe"},
    {"predicate": {"custom_model_data": 341013},"model": "minecraft:item/diamond_hoe"},
    {"predicate": {"custom_model_data": 341014},"model": "minecraft:item/shears"},
    {"predicate": {"custom_model_data": 341015},"model": "minecraft:item/golden_pickaxe"},
    {"predicate": {"custom_model_data": 341016},"model": "minecraft:item/sponge"},
    {"predicate": {"custom_model_data": 341017},"model": "minecraft:item/apple"},
    {"predicate": {"custom_model_data": 341018},"model": "minecraft:item/cookie"},
    {"predicate": {"custom_model_data": 341019},"model": "minecraft:item/pumpkin_pie"},
    {"predicate": {"custom_model_data": 341020},"model": "minecraft:item/salmon"},
    {"predicate": {"custom_model_data": 341021},"model": "minecraft:item/dead_bush"},
    {"predicate": {"custom_model_data": 341022},"model": "minecraft:item/blaze_rod"},
    {"predicate": {"custom_model_data": 341023},"model": "minecraft:item/name_tag"},
    {"predicate": {"custom_model_data": 341024},"model": "minecraft:item/carrot_on_a_stick"},
    {"predicate": {"custom_model_data": 341025},"model": "minecraft:item/bone"},
    {"predicate": {"custom_model_data": 341026},"model": "minecraft:item/carrot"},
    {"predicate": {"custom_model_data": 341027},"model": "minecraft:item/golden_carrot"},
    {"predicate": {"custom_model_data": 341028},"model": "minecraft:item/redstone_torch"},
    {"predicate": {"custom_model_data": 341029},"model": "minecraft:item/rose_bush"},
    {"predicate": {"custom_model_data": 341030},"model": "minecraft:item/redstone"},
    {"predicate": {"custom_model_data": 341031},"model": "minecraft:item/glistering_melon_slice"},
    {"predicate": {"custom_model_data": 341032},"model": "minecraft:item/prismarine_shard"},
    {"predicate": {"custom_model_data": 341033},"model": "minecraft:item/tnt"},
    {"predicate": {"custom_model_data": 341034},"model": "minecraft:item/cooked_beef"},
    {"predicate": {"custom_model_data": 341035},"model": "minecraft:item/quartz"},
    {"predicate": {"custom_model_data": 341036},"model": "minecraft:item/bread"},
    {"predicate": {"custom_model_data": 341037},"model": "minecraft:item/nether_star"},
    {"predicate": {"custom_model_data": 341038},"model": "minecraft:item/brick"},
    {"predicate": {"custom_model_data": 341039},"model": "minecraft:item/book"},
    {"predicate": {"custom_model_data": 341040},"model": "minecraft:item/fire_charge"},
    {"predicate": {"custom_model_data": 341041},"model": "minecraft:item/sweet_berries"},
    {"predicate": {"custom_model_data": 341042},"model": "mm:item/small_dagger"},
    {"predicate": {"custom_model_data": 341043},"model": "minecraft:item/netherite_sword"},
    {"predicate": {"custom_model_data": 341044},"model": "minecraft:item/netherite_shovel"},
    {"predicate": {"custom_model_data": 341045},"model": "minecraft:item/netherite_axe"},
    {"predicate": {"custom_model_data": 341046},"model": "minecraft:item/golden_shovel"},
    {"predicate": {"custom_model_data": 341047},"model": "minecraft:item/golden_hoe"},
    {"predicate": {"custom_model_data": 341048},"model": "minecraft:item/comparator"},
	
	{"predicate": {"custom_model_data": 341097},"model": "minecraft:item/red_dye"},
	{"predicate": {"custom_model_data": 341098},"model": "minecraft:item/paper"},
    {"predicate": {"custom_model_data": 341099},"model": "minecraft:item/compass"}
  ]  
}